codon	window	complement
GCT	1.2097560975609756	1.3674806432400237
GCC	0.9853658536585366	0.9067301965455629
GCA	1.2878048780487805	1.2431209053007743
GCG	0.5170731707317073	0.48266825491363907
CGT	0.891640866873065	0.8568394974340824
CGC	0.4086687306501548	0.384356751017519
CGA	0.46439628482972134	0.3917890638824987
CGG	0.33436532507739936	0.2696867811006901
AGA	2.6191950464396285	2.7839320474252345
AGG	1.2817337461300309	1.3133958591399753
AAT	1.0892857142857142	1.2018657683337652
AAC	0.9107142857142857	0.7981342316662348
GAT	1.1940298507462686	1.3293430656934306
GAC	0.8059701492537313	0.6706569343065694
TGT	1.3203883495145632	1.1925581395348837
TGC	0.6796116504854369	0.8074418604651162
CAA	1.2882882882882882	1.34587617589149
CAG	0.7117117117117117	0.6541238241085102
GAA	1.3439490445859872	1.3739870896854827
GAG	0.6560509554140127	0.6260129103145172
GGT	1.6108597285067874	1.6913535206129149
GGC	0.8868778280542986	0.8050589809072115
GGA	0.8235294117647058	0.9456402772710689
GGG	0.6787330316742082	0.5579472212088046
CAT	1.2030075187969924	1.255977048135161
CAC	0.7969924812030075	0.744022951864839
ATT	1.3494623655913978	1.4011602736167634
ATC	0.7688172043010753	0.7785089618148758
ATA	0.8817204301075269	0.820330764568361
TTA	1.4905422446406054	1.5699242564197302
TTG	1.4451450189155108	1.5972658414927028
CTT	0.9155107187894074	0.8690190282652873
CTC	0.3329129886506936	0.3868464806946241
CTA	0.9684741488020178	0.8697579900240162
CTG	0.8474148802017655	0.7071864031036393
AAA	1.1506172839506172	1.1541435129258275
AAG	0.8493827160493828	0.8458564870741725
TTT	1.2173913043478262	1.1646348160351456
TTC	0.782608695652174	0.8353651839648545
CCT	1.4042553191489362	1.2137203166226913
CCC	0.6808510638297872	0.6688654353562006
CCA	1.2765957446808511	1.6233509234828496
CCG	0.6382978723404256	0.4940633245382586
TCT	1.6697588126159555	1.4994061287512865
TCC	0.9684601113172542	0.9573204529258056
TCA	0.979591836734694	1.2613825322670045
TCG	0.6679035250463822	0.6028980916937208
AGT	1.0352504638218925	1.0290600997703696
AGC	0.679035250463822	0.6499326945918125
ACT	1.3211009174311927	1.3559944878272852
ACC	0.8899082568807339	0.847955902618282
ACA	1.2477064220183487	1.211759301791456
ACG	0.5412844036697247	0.5842903077629765
TAT	1.1428571428571428	1.1219272369714848
TAC	0.8571428571428571	0.8780727630285152
GTT	1.3057471264367817	1.537670131818669
GTC	0.8459770114942529	0.8127746222269853
GTA	0.8827586206896552	0.8183474440038581
GTG	0.9655172413793104	0.8312078019504876
