codon	window	complement
GCT	1.2265758091993186	1.371219512195122
GCC	1.049403747870528	0.9004878048780488
GCA	1.2470187393526406	1.2434146341463415
GCG	0.47700170357751276	0.4848780487804878
CGT	0.8689655172413793	0.8571428571428572
CGC	0.38620689655172413	0.3840867992766727
CGA	0.4689655172413793	0.39059674502712477
CGG	0.3310344827586207	0.26690777576853525
AGA	2.606896551724138	2.7905967450271247
AGG	1.3379310344827586	1.3106690777576855
AAT	1.127789046653144	1.2021727609962904
AAC	0.8722109533468559	0.7978272390037096
GAT	1.2270742358078603	1.3290668254204494
GAC	0.7729257641921398	0.6709331745795505
TGT	1.3112582781456954	1.1894988066825776
TGC	0.6887417218543046	0.8105011933174224
CAA	1.3099041533546325	1.3452513966480446
CAG	0.6900958466453674	0.6547486033519553
GAA	1.3918918918918919	1.372532549349013
GAG	0.6081081081081081	0.627467450650987
GGT	1.6514382402707275	1.6896936624085328
GGC	0.8527918781725888	0.8066476497581545
GGA	0.805414551607445	0.9495225102319236
GGG	0.6903553299492385	0.5541361776013891
CAT	1.2324324324324325	1.2549529067879182
CAC	0.7675675675675676	0.7450470932120818
ATT	1.2922490470139771	1.4054197662061636
ATC	0.8233799237611182	0.774442082890542
ATA	0.8843710292249047	0.8201381509032943
TTA	1.431878895814782	1.5739316778015882
TTG	1.4853072128227962	1.5985125425438043
CTT	0.9403383793410508	0.8675154418252867
CTC	0.3365983971504898	0.387243161477373
CTA	0.956366874443455	0.8694062775746879
CTG	0.8495102404274266	0.7033908987772595
AAA	1.1282051282051282	1.1553804481654766
AAG	0.8717948717948718	0.8446195518345235
TTT	1.2270531400966183	1.1629162916291629
TTC	0.7729468599033816	0.8370837083708371
CCT	1.4476190476190476	1.2061559276171148
CCC	0.6476190476190476	0.6703872822594283
CCA	1.3333333333333333	1.6269237273803483
CCG	0.5714285714285714	0.4965330627431084
TCT	1.6543837357052098	1.4970873786407768
TCC	0.8538754764930115	0.9645631067961165
TCA	0.9758576874205845	1.2684466019417475
TCG	0.7090216010165185	0.5990291262135923
AGT	1.105463786531131	1.0237864077669903
AGC	0.7013977128335451	0.6470873786407767
ACT	1.2691029900332227	1.3599062133645956
ACC	0.9036544850498339	0.8464243845252052
ACA	1.255813953488372	1.21031652989449
ACG	0.5714285714285714	0.5833528722157093
TAT	1.1278538812785388	1.1220657276995305
TAC	0.8721461187214612	0.8779342723004695
GTT	1.3009708737864079	1.5427757695256874
GTC	0.8867313915857605	0.8092890787599957
GTA	0.8802588996763754	0.8171760324241428
GTG	0.9320388349514563	0.8307591192901742
